<simulation verbosity='medium' safe_stride='100' threading="True">
  <output prefix='traj'>
      <properties stride='1' filename='out'>  
      [ step, time{picosecond}, conserved{electronvolt}, 
      temperature{kelvin}, kinetic_md{electronvolt}, potential{electronvolt}, 
      temperature(H){kelvin}, temperature(O){kelvin} ] </properties>
    <trajectory filename='pos' stride='10'> positions </trajectory>
    <trajectory filename='vel' stride='1'> velocities </trajectory>
  </output>
  <total_steps> 2000 </total_steps>
  <prng>
    <seed> 32342 </seed>
  </prng>
  <ffsocket name='lmpserial' mode='unix' pbc='false'>
      <address>h2o-lammps</address> <latency> 1e-4 </latency>
  </ffsocket>
  <system_template>
  <labels> ['ITRAJ'] </labels>
  <instance> [1] </instance>
  <instance> [2] </instance>
  <instance> [3] </instance>
  <instance> [4] </instance>
  <instance> [5] </instance>
  <instance> [6] </instance>
  <instance> [7] </instance>
  <instance> [8 ] </instance>
  <template>
  <system prefix='traj-ITRAJ'>
    <initialize nbeads='1'>
      <file mode='chk'> sample_nvt.chk_ITRAJ </file>
    </initialize>
    <forces>
      <force forcefield='lmpserial'> lmpserial </force>
    </forces>
    <ensemble>
      <temperature units='kelvin'>300</temperature>
    </ensemble>
    <motion mode='dynamics'>
      <dynamics mode='nve'>
        <!-- this is still too long to be accurate but we use it
        to be consistent with the setup in the example. -->
        <timestep units='femtosecond'> 1.0 </timestep>
      </dynamics>
    </motion>
  </system>
  </template>
  </system_template>
</simulation>
